{
  "users": [
    {
      "id": 1,
      "name": "kumar",
      "designation": "admin",
      "email": "admin@gmail.com",
      "password": "admin"
    },
    {
      "id": 2,
      "name": "pavan",
      "designation": "staff",
      "email": "staff@gmail.com",
      "password": "staff"
    },
    {
      "username": "ANIL KUMAR REDDY MONDEM",
      "email": "anilkumar@gmail.com",
      "password": "admin",
      "designation": "admin",
      "id": 3
    },
    {
      "username": "Dinesh",
      "email": "dinesh@gmail.com",
      "password": "staff",
      "designation": "staff",
      "id": 4
    },
    {
      "username": "anil",
      "email": "anil@gmailcom",
      "password": "admin",
      "designation": "admin",
      "id": 5
    },
    {
      "username": "anil",
      "email": "anil@gmail.com",
      "password": "admin",
      "designation": "admin",
      "id": 6
    },
    {
      "username": "pavan",
      "email": "pavan@gmail.com",
      "password": "admin",
      "designation": "admin",
      "id": 7
    }
  ],
  "services": [
    {
      "id": 2,
      "service": "Hotel Booking"
    },
    {
      "id": 3,
      "service": "Luggage Transport"
    },
    {
      "service": "Travel Guide",
      "id": 4
    }
  ],
  "meals": [
    {
      "dish": "Dal and Roti",
      "id": 1
    },
    {
      "id": 2,
      "dish": "Curd Rice"
    },
    {
      "dish": "Pastha",
      "id": 3
    }
  ],
  "flights": [
    {
      "id": 1,
      "flightName": "Boing 756",
      "pilot": "Oliver",
      "crew": [
        "Thea",
        "Laural",
        "Magi"
      ],
      "time": "5:30 PM",
      "img": "https://www.cnet.com/a/img/QK_iE5SOlHrKCXmB6jWBFbUbmIo=/940x0/2020/01/24/a7a1d00d-57a2-4e26-9961-7336eb585e31/boeing777xlarge-10.jpg"
    },
    {
      "id": 2,
      "flightName": "Air India",
      "pilot": "John Diggle",
      "crew": [
        "Thea",
        "Sara",
        "Magi"
      ],
      "time": "8:30 AM",
      "img": "https://cheapflightsdeals.files.wordpress.com/2013/02/indian-airlines.jpg"
    },
    {
      "id": 3,
      "flightName": "Blue Dart",
      "pilot": "David John",
      "crew": [
        "Thea",
        "Sara",
        "Magi"
      ],
      "time": "11:30 AM",
      "img": "https://www.bluedart.com/documents/1394632/1394698/58503/5a99bcfa-1eb6-878c-9fc7-01a6fd167fd5?t=1585030213631"
    }
  ],
  "passengers": [
    {
      "passportNumber": "169x1a01f9",
      "name": "sankar",
      "flightId": 1,
      "seatNumber": "101A",
      "address": "Bengaluru",
      "DOB": "1998-11-21",
      "meals": "Scarmbled eggs",
      "ancilaryServices": "Cab Booking",
      "havingInfants": "YES",
      "requireWheelChair": "NO",
      "checkedIn": "YES",
      "id": 1
    },
    {
      "passportNumber": "169x1a05f9",
      "name": "sankar",
      "seatNumber": "101B",
      "address": "Bengaluru",
      "DOB": "1998-11-21",
      "meals": "Dal and rice",
      "ancilaryServices": "Cab Booking",
      "havingInfants": "YES",
      "requireWheelChair": "NO",
      "checkedIn": "NO",
      "flightId": 1,
      "id": 2
    },
    {
      "passportNumber": "169x1a05f9",
      "name": "sankar",
      "seatNumber": "101D",
      "address": "Bengaluru",
      "DOB": "1998-11-21",
      "meals": "Dal and rice",
      "ancilaryServices": "Cab Booking",
      "havingInfants": "NO",
      "requireWheelChair": "YES",
      "checkedIn": "YES",
      "flightId": 1,
      "id": 3
    },
    {
      "passportNumber": "169x1a05DEDS",
      "name": "sankar",
      "flightId": 2,
      "seatNumber": "101A",
      "address": "Bengaluru",
      "DOB": "1995-07-07",
      "meals": "Curd Rice",
      "ancilaryServices": "Cab Booking",
      "requireWheelChair": "YES",
      "havingInfants": "YES",
      "checkedIn": "YES",
      "id": 4
    },
    {
      "passportNumber": "169x1a05f9",
      "name": "sankar",
      "seatNumber": "101D",
      "address": "Bengaluru",
      "DOB": "1998-11-21",
      "meals": "Dal and rice",
      "ancilaryServices": "Cab Booking",
      "havingInfants": "YES",
      "checkedIn": "NO",
      "requireWheelChair": "NO",
      "flightId": 2,
      "id": 5
    },
    {
      "passportNumber": "169x1a05f9",
      "name": "sankar",
      "flightId": 2,
      "requireWheelChair": "NO",
      "seatNumber": "101D",
      "address": "Bengaluru",
      "DOB": "1998-11-21",
      "meals": "Dal and rice",
      "ancilaryServices": "Cab Booking",
      "havingInfants": "NO",
      "checkedIn": "Checked In",
      "id": 6
    },
    {
      "passportNumber": "169x1a05f9",
      "name": "sankar",
      "seatNumber": "101A",
      "address": "Bengaluru",
      "DOB": "1998-11-21",
      "meals": "Dal and rice",
      "ancilaryServices": "Cab Booking",
      "havingInfants": "YES",
      "checkedIn": "YES",
      "requireWheelChair": "YES",
      "flightId": 3,
      "id": 6
    }
  ]
}